"comparator","make","model","variant","kontantpris","reg_year","mileage_km","fueltype","hk"
"enyaq_85x","Skoda","Enyaq","80x iV Sportline 5d",299900,2022,52000,"El",265
"enyaq_85x","Skoda","Enyaq","80x iV ecoSuite 5d",329900,2023,64000,"El",265
"enyaq_85x","Skoda","Enyaq","80x iV Loft 5d",239800,2022,119000,"El",265
"enyaq_85x","Skoda","Enyaq","80x iV Sportline Maxx 5d",364900,2023,17500,"El",265
"enyaq_85x","Skoda","Enyaq","80x iV Plus 5d",269700,2023,60200,"El",265
"enyaq_85x","Skoda","Enyaq","80x iV 5d",259700,2021,94200,"El",265
"enyaq_85x","Skoda","Enyaq","80x iV Plus 5d",239900,2022,109000,"El",265
"enyaq_85x","Skoda","Enyaq","80x iV Suite 5d",243800,2021,59500,"El",265
"enyaq_85x","Skoda","Enyaq","80x iV ecoSuite 5d",279700,2023,53617,"El",265
"enyaq_85x","Skoda","Enyaq","80x iV Maxx 5d",254900,2023,44300,"El",265
"enyaq_85x","Skoda","Enyaq","80x iV ecoSuite 5d",294800,2023,52000,"El",265
"modely_lr","Tesla","Model Y","Long Range AWD 5d",182000,2021,197000,"El",384
"modely_lr","Tesla","Model Y","Long Range AWD 5d",258000,2022,79000,"El",514
"modely_lr","Tesla","Model Y","Performance AWD 5d",254800,2022,119525,"El",534
"modely_lr","Tesla","Model Y","Performance AWD 5d",289900,2022,61000,"El",534
"modely_lr","Tesla","Model Y","Long Range AWD 5d",237500,2022,84000,"El",514
"modely_lr","Tesla","Model Y","Performance AWD 5d",254900,2022,112000,"El",534
"modely_lr","Tesla","Model Y","Long Range AWD 5d",247000,2022,70000,"El",514
"modely_lr","Tesla","Model Y","Long Range AWD 5d",219999,2022,139000,"El",514
"modely_lr","Tesla","Model Y","Long Range AWD 5d",237000,2021,61000,"El",514
"modely_lr","Tesla","Model Y","Long Range AWD 5d",259900,2022,65000,"El",514
"modely_lr","Tesla","Model Y","Long Range AWD 5d",234700,2022,112000,"El",514
"modely_lr","Tesla","Model Y","Long Range AWD 5d",229700,2021,123000,"El",514
"modely_lr","Tesla","Model Y","Long Range AWD 5d",264800,2022,84000,"El",514
"modely_lr","Tesla","Model Y","Long Range AWD 5d",259800,2022,91000,"El",514
"modely_lr","Tesla","Model Y","Long Range AWD 5d",199800,2022,171000,"El",514
"modely_lr","Tesla","Model Y","Long Range AWD 5d",229900,2022,124100,"El",514
"modely_lr","Tesla","Model Y","Long Range AWD 5d",244900,2021,79000,"El",514
"modely_lr","Tesla","Model Y","Long Range AWD 5d",204900,2022,151000,"El",384
"modely_lr","Tesla","Model Y","Long Range AWD 5d",259900,2022,97000,"El",514
"modely_lr","Tesla","Model Y","Performance AWD 5d",246000,2022,86000,"El",534
"modely_lr","Tesla","Model Y","Long Range AWD 5d",239500,2022,105000,"El",514
"modely_lr","Tesla","Model Y","Long Range AWD 5d",184500,2021,"2e+05","El",514
"modely_lr","Tesla","Model Y","Long Range AWD 5d",289900,2022,33000,"El",514
"modely_lr","Tesla","Model Y","Long Range AWD 5d",269900,2022,56000,"El",514
"modely_lr","Tesla","Model Y","Long Range AWD 5d",239900,2021,126000,"El",514
"modely_lr","Tesla","Model Y","Long Range AWD 5d",229995,2022,149000,"El",514
"modely_lr","Tesla","Model Y","Long Range AWD 5d",259000,2022,86500,"El",514
"modely_lr","Tesla","Model Y","Long Range AWD 5d",244900,2022,98000,"El",514
"modely_lr","Tesla","Model Y","Long Range AWD 5d",239700,2022,101400,"El",514
"modely_lr","Tesla","Model Y","Long Range AWD 5d",218000,2021,112000,"El",514
"modely_lr","Tesla","Model Y","Long Range AWD 5d",249700,2022,116000,"El",514
"modely_lr","Tesla","Model Y","Long Range AWD 5d",244900,2021,81000,"El",514
"modely_lr","Tesla","Model Y","Long Range AWD 5d",249900,2022,89000,"El",514
"modely_lr","Tesla","Model Y","Long Range AWD 5d",264900,2022,68000,"El",514
"modely_lr","Tesla","Model Y","Long Range AWD 5d",219600,2021,154000,"El",514
"modely_lr","Tesla","Model Y","Long Range AWD 5d",229900,2022,135000,"El",514
"modely_lr","Tesla","Model Y","Long Range AWD 5d",249999,2022,102000,"El",514
"modely_lr","Tesla","Model Y","Long Range AWD 5d",229800,2021,124000,"El",514
"modely_lr","Tesla","Model Y","Long Range AWD 5d",239400,2021,99000,"El",514
"modely_lr","Tesla","Model Y","Long Range AWD 5d",258800,2022,103000,"El",514
"modely_lr","Tesla","Model Y","Long Range AWD 5d",232900,2022,103700,"El",514
"modely_lr","Tesla","Model Y","Performance AWD 5d",279900,2022,82000,"El",534
"modely_lr","Tesla","Model Y","Long Range AWD 5d",239400,2021,91000,"El",514
"modely_lr","Tesla","Model Y","Long Range AWD 5d",249900,2022,89000,"El",514
"modely_lr","Tesla","Model Y","Long Range AWD 5d",224900,2022,134000,"El",514
"modely_lr","Tesla","Model Y","Long Range AWD 5d",279900,2022,79000,"El",514
"modely_lr","Tesla","Model Y","Long Range AWD 5d",234900,2021,82000,"El",514
"modely_lr","Tesla","Model Y","Long Range AWD 5d",259999,2022,70000,"El",514
"modely_lr","Tesla","Model Y","Long Range AWD 5d",254800,2022,90000,"El",514
"modely_lr","Tesla","Model Y","Long Range AWD 5d",239900,2021,92000,"El",514
"modely_lr","Tesla","Model Y","Long Range AWD 5d",234900,2021,104000,"El",514
"modely_lr","Tesla","Model Y","Long Range AWD 5d",239900,2022,118000,"El",514
"modely_lr","Tesla","Model Y","Long Range AWD 5d",239900,2022,85000,"El",514
"modely_lr","Tesla","Model Y","Long Range AWD 5d",289500,2022,35000,"El",514
"modely_lr","Tesla","Model Y","Long Range AWD 5d",199900,2022,156000,"El",441
"modely_lr","Tesla","Model Y","Long Range AWD 5d",249500,2021,72000,"El",514
"modely_lr","Tesla","Model Y","Long Range AWD 5d",244900,2022,81840,"El",514
"modely_lr","Tesla","Model Y","Long Range AWD 5d",235995,2021,75000,"El",441
"modely_lr","Tesla","Model Y","Long Range AWD 5d",279900,2022,71000,"El",514
"modely_lr","Tesla","Model Y","Long Range AWD 5d",194900,2021,171000,"El",384
"modely_lr","Tesla","Model Y","Long Range AWD 5d",239900,2022,88000,"El",514
"modely_lr","Tesla","Model Y","Long Range AWD 5d",245000,2022,87000,"El",514
"modely_lr","Tesla","Model Y","Performance AWD 5d",260000,2022,61000,"El",534
"modely_lr","Tesla","Model Y","Performance AWD 5d",269900,2022,92000,"El",534
"modely_lr","Tesla","Model Y","Long Range AWD 5d",239900,2022,90000,"El",514
"modely_lr","Tesla","Model Y","Long Range AWD 5d",229500,2021,125000,"El",514
"modely_lr","Tesla","Model Y","Performance AWD 5d",262000,2022,62000,"El",534
"modely_lr","Tesla","Model Y","Long Range AWD 5d",209900,2021,162000,"El",514
"modely_lr","Tesla","Model Y","Long Range AWD 5d",244900,2022,89000,"El",514
"modely_lr","Tesla","Model Y","Long Range AWD 5d",258000,2022,77000,"El",514
"modely_lr","Tesla","Model Y","Performance AWD 5d",279900,2022,42000,"El",534
"modely_lr","Tesla","Model Y","Performance AWD 5d",280000,2022,50000,"El",534
"modely_lr","Tesla","Model Y","Long Range AWD 5d",219700,2021,126000,"El",384
"modely_lr","Tesla","Model Y","Long Range AWD 5d",239700,2022,119000,"El",514
"modely_lr","Tesla","Model Y","Long Range AWD 5d",239999,2022,123000,"El",514
"modely_lr","Tesla","Model Y","Performance AWD 5d",264400,2022,103000,"El",534
"modely_lr","Tesla","Model Y","Performance AWD 5d",264800,2022,81000,"El",534
"modely_lr","Tesla","Model Y","Performance AWD 5d",259900,2022,89000,"El",534
"modely_lr","Tesla","Model Y","Long Range AWD 5d",214900,2021,132000,"El",514
"outback_25i","Subaru","Outback","2,5 Summit CVT 5d",179895,2016,157000,"Benzin",175
"outback_25i","Subaru","Outback","2,5 Ridge CVT 5d",234800,2018,137000,"Benzin",175
"outback_25i","Subaru","Outback","2,5 Ridge CVT 5d",249800,2018,105000,"Benzin",175
"outback_25i","Subaru","Outback","2,5 Active L-tr. 5d",249900,2021,104000,"Benzin",175
"outback_25i","Subaru","Outback","2,5 Summit CVT 5d",239800,2018,142000,"Benzin",175
"outback_25i","Subaru","Outback","2,5 Touring L-tr. 5d",429280,2021,39000,"Benzin",169
"forester_20","Subaru","Forester","2,0 X aut. AWD 5d",119700,2013,164000,"Benzin",150
"forester_20","Subaru","Forester","2,0 XS CVT AWD 5d",149990,2016,172000,"Benzin",150
"forester_20","Subaru","Forester","2,0 X AWD 5d",94495,2014,258000,"Benzin",150
"forester_20","Subaru","Forester","2,0 XT Sport aut. AWD 5d",120000,2013,206000,"Benzin",240
"forester_20","Subaru","Forester","2,0 X aut. AWD 5d",129700,2014,233000,"Benzin",150
"forester_20","Subaru","Forester","2,0 XS CVT AWD 5d",184280,2016,190000,"Benzin",150
"forester_20","Subaru","Forester","2,0 XS aut. AWD 5d",159900,2014,137000,"Benzin",150
"forester_20","Subaru","Forester","2,0 XT aut. AWD 5d",169900,2015,169000,"Benzin",240
"xc60_d4_awd","Volvo","XC60","2,0 D5 235 Inscription aut. AWD 5d",364995,2018,105000,"Diesel",235
"xc60_d4_awd","Volvo","XC60","2,0 D5 235 Inscription aut. AWD 5d",329900,2018,159000,"Diesel",235
"xc60_d4_awd","Volvo","XC60","2,0 D4 190 Summum aut. 5d",159900,2017,296000,"Diesel",190
"xc60_d4_awd","Volvo","XC60","2,4 D4 190 Momentum aut. AWD 5d",214800,2016,197000,"Diesel",190
"xc60_d4_awd","Volvo","XC60","2,0 D4 190 Summum aut. 5d",219900,2017,149000,"Diesel",190
"xc60_d4_awd","Volvo","XC60","2,0 D4 190 Momentum 5d",139800,2014,224000,"Diesel",190
"xc60_d4_awd","Volvo","XC60","2,0 D4 190 Summum aut. 5d",229995,2017,140000,"Diesel",190
"xc60_d4_awd","Volvo","XC60","2,0 D4 190 Momentum aut. 5d",134900,2015,308000,"Diesel",190
"rav4_phev","Toyota","RAV4","2,5 Plug-in Hybrid Style AWD-i 5d",329900,2022,98000,"Plug-in",306
"rav4_phev","Toyota","RAV4","2,5 Plug-in Hybrid Active Comfort AWD-i 5d",349900,2022,65000,"Plug-in",306
"rav4_phev","Toyota","RAV4","2,5 Plug-in Hybrid H3 Style AWD-i 5d",329700,2021,68000,"Plug-in",306
"rav4_phev","Toyota","RAV4","2,5 Plug-in Hybrid H3 Style AWD-i 5d",309900,2021,80000,"Plug-in",306
"rav4_phev","Toyota","RAV4","2,5 Plug-in Hybrid H3 Premium AWD-i 5d",297500,2021,130000,"Plug-in",306
"rav4_phev","Toyota","RAV4","2,5 Plug-in Hybrid Style AWD-i 5d",364900,2022,61000,"Plug-in",306
"rav4_phev","Toyota","RAV4","2,5 Plug-in Hybrid H3 Style AWD-i 5d",319900,2021,70000,"Plug-in",306
"rav4_phev","Toyota","RAV4","2,5 Plug-in Hybrid H3 Style AWD-i 5d",344890,2021,39468,"Plug-in",306
"rav4_phev","Toyota","RAV4","2,5 Plug-in Hybrid H3 Premium AWD-i 5d",284900,2020,95000,"Plug-in",306
"rav4_phev","Toyota","RAV4","2,5 Plug-in Hybrid H3 Comfort AWD-i 5d",334900,2021,59000,"Plug-in",306
"rav4_phev","Toyota","RAV4","2,5 Plug-in Hybrid H3 Style AWD-i 5d",314900,2021,82500,"Plug-in",306
"rav4_phev","Toyota","RAV4","2,5 Plug-in Hybrid H3 Style AWD-i 5d",329900,2021,50000,"Plug-in",306
"rav4_phev","Toyota","RAV4","2,5 Plug-in Hybrid H3 AWD-i 5d",289900,2021,153000,"Plug-in",306
"rav4_phev","Toyota","RAV4","2,5 Plug-in Hybrid H3 Premium AWD-i 5d",289900,2021,102000,"Plug-in",306
"rav4_phev","Toyota","RAV4","2,5 Plug-in Hybrid Style AWD-i 5d",329900,2022,75000,"Plug-in",306
"rav4_phev","Toyota","RAV4","2,5 Plug-in Hybrid H3 Premium AWD-i 5d",279900,2021,108000,"Plug-in",306
"rav4_phev","Toyota","RAV4","2,5 Plug-in Hybrid Style AWD-i 5d",359900,2022,42000,"Plug-in",306
"rav4_phev","Toyota","RAV4","2,5 Plug-in Hybrid H3 Style AWD-i 5d",334800,2021,97000,"Plug-in",306
"rav4_phev","Toyota","RAV4","2,5 Plug-in Hybrid H3 Premium AWD-i 5d",299900,2021,121500,"Plug-in",306
"rav4_phev","Toyota","RAV4","2,5 Plug-in Hybrid H3 Style AWD-i 5d",354900,2021,74000,"Plug-in",306
"rav4_phev","Toyota","RAV4","2,5 Plug-in Hybrid H3 Style AWD-i 5d",339900,2021,87500,"Plug-in",306
"rav4_phev","Toyota","RAV4","2,5 Plug-in Hybrid H3 Premium AWD-i 5d",294900,2021,110000,"Plug-in",306
"rav4_phev","Toyota","RAV4","2,5 Plug-in Hybrid H3 Style AWD-i 5d",309800,2021,91000,"Plug-in",306
"rav4_phev","Toyota","RAV4","2,5 Plug-in Hybrid Active Comfort AWD-i 5d",299800,2022,103000,"Plug-in",306
"rav4_phev","Toyota","RAV4","2,5 Plug-in Hybrid H3 Style AWD-i 5d",314900,2021,83500,"Plug-in",306
"rav4_phev","Toyota","RAV4","2,5 Plug-in Hybrid H3 Style AWD-i 5d",314900,2021,96000,"Plug-in",306
"rav4_phev","Toyota","RAV4","2,5 Plug-in Hybrid Active Comfort AWD-i 5d",364900,2022,64000,"Plug-in",306
"rav4_phev","Toyota","RAV4","2,5 Plug-in Hybrid H3 Premium AWD-i 5d",299900,2022,111000,"Plug-in",306
