"query","scraped_at","make","model","variant","kontantpris","reg_month","reg_year","mileage_km","hk","fueltype","geartype"
"subaru-solterra","2026-09-06","Subaru","Solterra","71 Touring 5d",269900,3,2025,3000,218,"El","Automatisk gear"
"subaru-solterra","2026-09-06","Subaru","Solterra","71 Touring 5d",249900,12,2023,50800,218,"El","Automatisk gear"
"subaru-solterra","2026-09-06","Subaru","Solterra","71 Touring+ 5d",289900,6,2025,5200,218,"El","Automatisk gear"
"subaru-solterra","2026-09-06","Subaru","Solterra","71 Touring 5d",259900,3,2025,19500,218,"El","Automatisk gear"
"subaru-solterra","2026-09-06","Subaru","Solterra","71 Touring+ 5d",249495,7,2024,25000,218,"El","Automatisk gear"
"subaru-solterra","2026-09-06","Subaru","Solterra","71 Touring 5d",239900,12,2023,44000,218,"El","Automatisk gear"
"subaru-solterra","2026-09-06","Subaru","Solterra","71 Touring 5d",259895,8,2025,16000,218,"El","Automatisk gear"
"subaru-solterra","2026-09-06","Subaru","Solterra","71 Touring 5d",259900,4,2024,9700,218,"El","Automatisk gear"
"subaru-solterra","2026-09-06","Subaru","Solterra","71 Touring 5d",249900,10,2023,38250,218,"El","Automatisk gear"
"subaru-solterra","2026-09-06","Subaru","Solterra","73 Limited 5d",334900,"","",2,343,"El","Automatisk gear"
"subaru-solterra","2026-09-06","Subaru","Solterra","71 Touring 5d",249900,6,2024,27500,218,"El","Automatisk gear"
"subaru-solterra","2026-09-06","Subaru","Solterra","71 Touring+ 5d",269900,2,2024,15500,218,"El","Automatisk gear"
"subaru-solterra","2026-09-06","Subaru","Solterra","73 Touring+ 5d",354900,1,2026,1500,343,"El","Automatisk gear"
"subaru-solterra","2026-09-06","Subaru","Solterra","71 Touring 5d",239900,10,2023,46000,218,"El","Automatisk gear"
"subaru-solterra","2026-09-06","Subaru","Solterra","71 Touring 5d",249900,1,2024,43589,218,"El","Automatisk gear"
"subaru-solterra","2026-09-06","Subaru","Solterra","71 Touring 5d",264800,12,2023,1000,218,"El","Automatisk gear"
"subaru-solterra","2026-09-06","Subaru","Solterra","71 Touring 5d",299800,4,2025,31000,218,"El","Automatisk gear"
"subaru-solterra","2026-09-06","Subaru","Solterra","71 Touring 5d",244800,3,2023,34000,218,"El","Automatisk gear"
"subaru-solterra","2026-09-06","Subaru","Solterra","73 Touring+ 5d",359900,5,2026,1800,343,"El","Automatisk gear"
"subaru-solterra","2026-09-06","Subaru","Solterra","73 Limited 5d",334900,"","",9,343,"El","Automatisk gear"
"subaru-solterra","2026-09-06","Subaru","Solterra","71 Touring 5d",269800,1,2024,58000,218,"El","Automatisk gear"
"subaru-solterra","2026-09-06","Subaru","Solterra","71 Limited 5d",299900,10,2025,15000,218,"El","Automatisk gear"
"subaru-solterra","2026-09-06","Subaru","Solterra","71 Touring+ 5d",279900,9,2024,54000,218,"El","Automatisk gear"
"subaru-solterra","2026-09-06","Subaru","Solterra","73 Touring+ 5d",364900,"","",0,343,"El","Automatisk gear"
"subaru-solterra","2026-09-06","Subaru","Solterra","71 Touring 5d",274800,5,2024,60500,218,"El","Automatisk gear"
"subaru-solterra","2026-09-06","Subaru","Solterra","71 Limited 5d",259280,2,2024,30000,218,"El","Automatisk gear"
"subaru-solterra","2026-09-06","Subaru","Solterra","71 Touring 5d",264800,12,2023,7000,218,"El","Automatisk gear"
"subaru-solterra","2026-09-06","Subaru","Solterra","73 Touring 5d",354700,1,2026,0,343,"El","Automatisk gear"
"toyota-bz4x","2026-09-06","Toyota","bZ4X","Executive Premium 5d",299800,10,2025,10,204,"El","Automatisk gear"
"toyota-bz4x","2026-09-06","Toyota","bZ4X","Active 5d",244900,7,2023,24000,204,"El","Automatisk gear"
"toyota-bz4x","2026-09-06","Toyota","bZ4X","73 Executive AWD 5d",344800,12,2025,6700,343,"El","Automatisk gear"
"toyota-bz4x","2026-09-06","Toyota","bZ4X","Executive 5d",249900,7,2023,48000,204,"El","Automatisk gear"
"toyota-bz4x","2026-09-06","Toyota","bZ4X","Active Design 5d",239900,11,2023,30825,204,"El","Automatisk gear"
"toyota-bz4x","2026-09-06","Toyota","bZ4X","73 Active 5d",319900,5,2026,2000,224,"El","Automatisk gear"
"toyota-bz4x","2026-09-06","Toyota","bZ4X","73 Active 5d",319900,5,2026,2000,224,"El","Automatisk gear"
"toyota-bz4x","2026-09-06","Toyota","bZ4X","73 Executive 5d",334900,5,2026,7000,224,"El","Automatisk gear"
"toyota-bz4x","2026-09-06","Toyota","bZ4X","73 Executive 5d",334900,3,2026,5000,224,"El","Automatisk gear"
"toyota-bz4x","2026-09-06","Toyota","bZ4X","Prestige 5d",254900,1,2025,38000,204,"El","Automatisk gear"
"toyota-bz4x","2026-09-06","Toyota","bZ4X","73 Active 5d",319900,5,2026,2000,224,"El","Automatisk gear"
"toyota-bz4x","2026-09-06","Toyota","bZ4X","Active 5d",229900,6,2022,44000,204,"El","Automatisk gear"
"toyota-bz4x","2026-09-06","Toyota","bZ4X","73 Active Tech 5d",299800,6,2026,2,224,"El","Automatisk gear"
"toyota-bz4x","2026-09-06","Toyota","bZ4X","73 Executive 5d",339900,6,2026,8000,224,"El","Automatisk gear"
"toyota-bz4x","2026-09-06","Toyota","bZ4X","73 Active 5d",319900,6,2026,2200,224,"El","Automatisk gear"
"toyota-bz4x","2026-09-06","Toyota","bZ4X","73 Executive 5d",329800,5,2026,6500,224,"El","Automatisk gear"
"toyota-bz4x","2026-09-06","Toyota","bZ4X","73 Executive 5d",339800,6,2026,6000,224,"El","Automatisk gear"
"toyota-bz4x","2026-09-06","Toyota","bZ4X","73 Lounge 5d",333333,5,2026,50,224,"El","Automatisk gear"
"toyota-bz4x","2026-09-06","Toyota","bZ4X","73 Active Tech 5d",299500,12,2025,5600,224,"El","Automatisk gear"
"toyota-bz4x","2026-09-06","Toyota","bZ4X","73 Executive 5d",334900,9,2026,2000,224,"El","Automatisk gear"
"toyota-bz4x","2026-09-06","Toyota","bZ4X","Comfort 5d",239900,6,2023,32000,204,"El","Automatisk gear"
"toyota-bz4x","2026-09-06","Toyota","bZ4X","Executive 5d",284900,8,2024,4900,204,"El","Automatisk gear"
"toyota-bz4x","2026-09-06","Toyota","bZ4X","Executive 5d",274900,2,2025,24000,204,"El","Automatisk gear"
"toyota-bz4x","2026-09-06","Toyota","bZ4X","73 Active Tech 5d",299900,7,2026,10,224,"El","Automatisk gear"
"toyota-bz4x","2026-09-06","Toyota","bZ4X","Executive 5d",269900,2,2024,41000,204,"El","Automatisk gear"
"toyota-bz4x","2026-09-06","Toyota","bZ4X","73 Executive 5d",339900,1,2026,3000,224,"El","Automatisk gear"
"toyota-bz4x","2026-09-06","Toyota","bZ4X","73 Active 5d",269800,7,2025,100,224,"El","Automatisk gear"
"toyota-bz4x","2026-09-06","Toyota","bZ4X","73 Active 5d",304900,6,2026,10,224,"El","Automatisk gear"
"toyota-bz4x","2026-09-06","Toyota","bZ4X","Executive Premium 5d",289900,3,2025,18000,204,"El","Automatisk gear"
"toyota-bz4x","2026-09-06","Toyota","bZ4X","73 Executive AWD 5d",344900,2,2026,5000,343,"El","Automatisk gear"
"toyota-bz4x","2026-09-06","Toyota","bZ4X","Executive 5d",284900,3,2025,15500,204,"El","Automatisk gear"
"toyota-bz4x","2026-09-06","Toyota","bZ4X","73 Executive 5d",349900,6,2026,1999,224,"El","Automatisk gear"
"toyota-bz4x","2026-09-06","Toyota","bZ4X","73 Executive AWD 5d",359900,2,2026,12000,343,"El","Automatisk gear"
"toyota-bz4x","2026-09-06","Toyota","bZ4X","73 Executive 5d",334900,4,2026,6000,224,"El","Automatisk gear"
"toyota-bz4x","2026-09-06","Toyota","bZ4X","73 Executive 5d",364800,1,2026,2000,224,"El","Automatisk gear"
"toyota-bz4x","2026-09-06","Toyota","bZ4X","73 Executive AWD 5d",369800,2,2026,5200,343,"El","Automatisk gear"
"toyota-bz4x","2026-09-06","Toyota","bZ4X","73 Executive 5d",334900,12,2025,4000,224,"El","Automatisk gear"
"toyota-bz4x","2026-09-06","Toyota","bZ4X","73 Active Tech 5d",319800,6,2026,5,224,"El","Automatisk gear"
"toyota-bz4x","2026-09-06","Toyota","bZ4X","Executive Premium 5d",289900,3,2025,16000,204,"El","Automatisk gear"
"toyota-bz4x","2026-09-06","Toyota","bZ4X","73 Executive 5d",359800,2,2026,2000,224,"El","Automatisk gear"
"toyota-bz4x","2026-09-06","Toyota","bZ4X","Executive Premium 5d",299900,7,2026,2000,204,"El","Automatisk gear"
"toyota-bz4x","2026-09-06","Toyota","bZ4X","73 Executive 5d",334900,6,2026,7000,224,"El","Automatisk gear"
"toyota-bz4x","2026-09-06","Toyota","bZ4X","Executive Premium 5d",259800,10,2024,35000,204,"El","Automatisk gear"
"toyota-bz4x","2026-09-06","Toyota","bZ4X","Executive 5d",274800,8,2024,12000,204,"El","Automatisk gear"
"toyota-bz4x","2026-09-06","Toyota","bZ4X","Executive Premium 5d",299900,10,2025,100,204,"El","Automatisk gear"
"toyota-bz4x","2026-09-06","Toyota","bZ4X","73 Active Tech 5d",299900,4,2026,8000,224,"El","Automatisk gear"
"toyota-bz4x","2026-09-06","Toyota","bZ4X","Executive 5d",279900,3,2025,12000,204,"El","Automatisk gear"
"toyota-bz4x","2026-09-06","Toyota","bZ4X","Executive 5d",289800,10,2025,10,204,"El","Automatisk gear"
"toyota-bz4x","2026-09-06","Toyota","bZ4X","Executive Premium 5d",239900,12,2023,19800,204,"El","Automatisk gear"
"toyota-bz4x","2026-09-06","Toyota","bZ4X","73 Active 5d",284900,2,2026,7900,224,"El","Automatisk gear"
"toyota-bz4x","2026-09-06","Toyota","bZ4X","73 Executive 5d",317900,2,2026,12500,224,"El","Automatisk gear"
"toyota-bz4x","2026-09-06","Toyota","bZ4X","73 Executive 5d",319900,2,2026,5900,224,"El","Automatisk gear"
"toyota-bz4x","2026-09-06","Toyota","bZ4X","73 Executive 5d",319900,2,2026,8400,224,"El","Automatisk gear"
"toyota-bz4x","2026-09-06","Toyota","bZ4X","73 Executive AWD 5d",344800,2,2026,6300,343,"El","Automatisk gear"
"toyota-bz4x","2026-09-06","Toyota","bZ4X","73 Active 5d",284900,2,2026,9000,224,"El","Automatisk gear"
"toyota-bz4x","2026-09-06","Toyota","bZ4X","Active 5d",254900,2,2024,16000,204,"El","Automatisk gear"
"toyota-bz4x","2026-09-06","Toyota","bZ4X","Executive 5d",269900,6,2024,30000,204,"El","Automatisk gear"
"toyota-bz4x","2026-09-06","Toyota","bZ4X","Executive AWD 5d",249900,6,2023,75000,218,"El","Automatisk gear"
"toyota-bz4x","2026-09-06","Toyota","bZ4X","Executive 5d",249800,8,2023,28000,204,"El","Automatisk gear"
"toyota-bz4x","2026-09-06","Toyota","bZ4X","73 Active 5d",309900,5,2026,20,224,"El","Automatisk gear"
"toyota-bz4x","2026-09-06","Toyota","bZ4X","Active 5d",249280,9,2023,78000,204,"El","Automatisk gear"
"toyota-bz4x","2026-09-06","Toyota","bZ4X","73 Active 5d",319900,3,2026,100,224,"El","Automatisk gear"
"toyota-bz4x","2026-09-06","Toyota","bZ4X","73 Active 5d",309900,3,2026,75,224,"El","Automatisk gear"
"toyota-bz4x","2026-09-06","Toyota","bZ4X","73 Active Tech 5d",299900,5,2026,10,224,"El","Automatisk gear"
"toyota-bz4x","2026-09-06","Toyota","bZ4X","Elegant 5d",239900,3,2024,50000,204,"El","Automatisk gear"
"toyota-bz4x","2026-09-06","Toyota","bZ4X","73 Active 5d",304800,3,2026,10,224,"El","Automatisk gear"
"toyota-bz4x","2026-09-06","Toyota","bZ4X","Executive AWD 5d",249900,6,2022,24000,218,"El","Automatisk gear"
"toyota-bz4x","2026-09-06","Toyota","bZ4X","Executive AWD 5d",249900,6,2022,23000,218,"El","Automatisk gear"
"toyota-bz4x","2026-09-06","Toyota","bZ4X","73 Active Tech 5d",299000,4,2026,2000,224,"El","Automatisk gear"
"toyota-bz4x","2026-09-06","Toyota","bZ4X","73 Executive AWD 5d",344900,5,2026,1000,343,"El","Automatisk gear"
"toyota-bz4x","2026-09-06","Toyota","bZ4X","Executive Premium 5d",264800,4,2024,21000,204,"El","Automatisk gear"
"toyota-bz4x","2026-09-06","Toyota","bZ4X","73 Executive 5d",334900,10,2025,1000,224,"El","Automatisk gear"
"toyota-bz4x","2026-09-06","Toyota","bZ4X","Executive AWD 5d",239900,4,2023,59000,218,"El","Automatisk gear"
"toyota-bz4x","2026-09-06","Toyota","bZ4X","73 Active Tech 5d",309900,6,2026,100,224,"El","Automatisk gear"
"toyota-bz4x","2026-09-06","Toyota","bZ4X","Elegant 5d",261900,11,2024,25930,204,"El","Automatisk gear"
"toyota-bz4x","2026-09-06","Toyota","bZ4X","Executive Premium 5d",239800,5,2023,67000,204,"El","Automatisk gear"
"toyota-bz4x","2026-09-06","Toyota","bZ4X","73 Executive 5d",339900,12,2025,2667,224,"El","Automatisk gear"
"toyota-bz4x","2026-09-06","Toyota","bZ4X","Executive 5d",279900,3,2025,3000,204,"El","Automatisk gear"
